Date,Trips
2015-01-01,77789
2015-01-02,61832
2015-01-03,81955
2015-01-04,62691
2015-01-05,71063
2015-01-06,81722
2015-01-07,93090
2015-01-08,103978
2015-01-09,100710
2015-01-10,103838
2015-01-11,80717
2015-01-12,87703
2015-01-13,94221
2015-01-14,94558
2015-01-15,100055
2015-01-16,105375
2015-01-17,98951
2015-01-18,96891
2015-01-19,67340
2015-01-20,83564
2015-01-21,88385
2015-01-22,95833
2015-01-23,102677
2015-01-24,103768
2015-01-25,80802
2015-01-26,64800
2015-01-27,33171
2015-01-28,88699
2015-01-29,101071
2015-01-30,117671
2015-01-31,121113
2015-02-01,103439
2015-02-02,96774
2015-02-03,105532
2015-02-04,102648
2015-02-05,117165
2015-02-06,123446
2015-02-07,110556
2015-02-08,89470
2015-02-09,92573
2015-02-10,97965
2015-02-11,106943
2015-02-12,117868
2015-02-13,136152
2015-02-14,130072
2015-02-15,116940
2015-02-16,99764
2015-02-17,102953
2015-02-18,104446
2015-02-19,123717
2015-02-20,138194
2015-02-21,124056
2015-02-22,92012
2015-02-23,106383
2015-02-24,114772
2015-02-25,109749
2015-02-26,119592
2015-02-27,125198
2015-02-28,118022
2015-03-01,96463
2015-03-02,91000
2015-03-03,108518
2015-03-04,107331
2015-03-05,103708
2015-03-06,118186
2015-03-07,115237
2015-03-08,91839
2015-03-09,87259
2015-03-10,106096
2015-03-11,99628
2015-03-12,110050
2015-03-13,115527
2015-03-14,125986
2015-03-15,93785
2015-03-16,87680
2015-03-17,95352
2015-03-18,105119
2015-03-19,111690
2015-03-20,130382
2015-03-21,113356
2015-03-22,99858
2015-03-23,93854
2015-03-24,96609
2015-03-25,107442
2015-03-26,113132
2015-03-27,121243
2015-03-28,125388
2015-03-29,105458
2015-03-30,94876
2015-03-31,109375
2015-04-01,126925
2015-04-02,131778
2015-04-03,128635
2015-04-04,115245
2015-04-05,103802
2015-04-06,104007
2015-04-07,122520
2015-04-08,127735
2015-04-09,134453
2015-04-10,137984
2015-04-11,130291
2015-04-12,112993
2015-04-13,112226
2015-04-14,120204
2015-04-15,125351
2015-04-16,138661
2015-04-17,142870
2015-04-18,143311
2015-04-19,123896
2015-04-20,139164
2015-04-21,126516
2015-04-22,141548
2015-04-23,152166
2015-04-24,162279
2015-04-25,155929
2015-04-26,134903
2015-04-27,121231
2015-04-28,124350
2015-04-29,134491
2015-04-30,142325
2015-05-01,149994
2015-05-02,151248
2015-05-03,125989
2015-05-04,119309
2015-05-05,132000
2015-05-06,137944
2015-05-07,145599
2015-05-08,148111
2015-05-09,144168
2015-05-10,124611
2015-05-11,126235
2015-05-12,134917
2015-05-13,143397
2015-05-14,151920
2015-05-15,156892
2015-05-16,168910
2015-05-17,137515
2015-05-18,131021
2015-05-19,141911
2015-05-20,148606
2015-05-21,153246
2015-05-22,139276
2015-05-23,119859
2015-05-24,107080
2015-05-25,93976
2015-05-26,125612
2015-05-27,144681
2015-05-28,151593
2015-05-29,153571
2015-05-30,148039
2015-05-31,138837
2015-06-01,147408
2015-06-02,152452
2015-06-03,140627
2015-06-04,148807
2015-06-05,153313
2015-06-06,140768
2015-06-07,126055
2015-06-08,127797
2015-06-09,134255
2015-06-10,139335
2015-06-11,155609
2015-06-12,153964
2015-06-13,140247
2015-06-14,127899
2015-06-15,137361
2015-06-16,141176
2015-06-17,146297
2015-06-18,153221
2015-06-19,153364
2015-06-20,140349
2015-06-21,125314
2015-06-22,125045
2015-06-23,146998
2015-06-24,144552
2015-06-25,153185
2015-06-26,149333
2015-06-27,176872
2015-06-28,127443
2015-06-29,119930
2015-06-30,124907
2015-07-01,135175
2015-07-02,128796
2015-07-03,101997
2015-07-04,95843
2015-07-05,100182
2015-07-06,108162
2015-07-07,127994
2015-07-08,136981
2015-07-09,154918
2015-07-10,145996
2015-07-11,147156
2015-07-12,132941
2015-07-13,123601
2015-07-14,142513
2015-07-15,156273
2015-07-16,155878
2015-07-17,152500
2015-07-18,158876
2015-07-19,145235
2015-07-20,142847
2015-07-21,147303
2015-07-22,153096
2015-07-23,160358
2015-07-24,158918
2015-07-25,151854
2015-07-26,135990
2015-07-27,132925
2015-07-28,151135
2015-07-29,162120
2015-07-30,179356
2015-07-31,167544
2015-08-01,180821
2015-08-02,159842
2015-08-03,155957
2015-08-04,170748
2015-08-05,174992
2015-08-06,181017
2015-08-07,183548
2015-08-08,162893
2015-08-09,148847
2015-08-10,146879
2015-08-11,175943
2015-08-12,169574
2015-08-13,177220
2015-08-14,181908
2015-08-15,176754
2015-08-16,160055
2015-08-17,157832
2015-08-18,169931
2015-08-19,177438
2015-08-20,187111
2015-08-21,189072
2015-08-22,180732
2015-08-23,160462
2015-08-24,153490
2015-08-25,161936
2015-08-26,167877
2015-08-27,176699
2015-08-28,183480
2015-08-29,180359
2015-08-30,168956
2015-08-31,160708
2015-09-01,195918
2015-09-02,204324
2015-09-03,216933
2015-09-04,223478
2015-09-05,209028
2015-09-06,195180
2015-09-07,169494
2015-09-08,215946
2015-09-09,237928
2015-09-10,283250
2015-09-11,257625
2015-09-12,268095
2015-09-13,226351
2015-09-14,191246
2015-09-15,206879
2015-09-16,235052
2015-09-17,245776
2015-09-18,259636
2015-09-19,261851
2015-09-20,225865
2015-09-21,202022
2015-09-22,197743
2015-09-23,187929
2015-09-24,204134
2015-09-25,227387
2015-09-26,257527
2015-09-27,221422
2015-09-28,192274
2015-09-29,210835
2015-09-30,223298
2015-10-01,294140
2015-10-02,357535
2015-10-03,293877
2015-10-04,245966
2015-10-05,225829
2015-10-06,238086
2015-10-07,259987
2015-10-08,280463
2015-10-09,307035
2015-10-10,289144
2015-10-11,256951
2015-10-12,213584
2015-10-13,249101
2015-10-14,259475
2015-10-15,282461
2015-10-16,308159
2015-10-17,311542
2015-10-18,276510
2015-10-19,253209
2015-10-20,251600
2015-10-21,262690
2015-10-22,284296
2015-10-23,309659
2015-10-24,310935
2015-10-25,268018
2015-10-26,246259
2015-10-27,257450
2015-10-28,321912
2015-10-29,293479
2015-10-30,326825
2015-10-31,336360
2015-11-01,300325
2015-11-02,246175
2015-11-03,248887
2015-11-04,268612
2015-11-05,295897
2015-11-06,307953
2015-11-07,311916
2015-11-08,273249
2015-11-09,251183
2015-11-10,302562
2015-11-11,261488
2015-11-12,298435
2015-11-13,323009
2015-11-14,333435
2015-11-15,280148
2015-11-16,249536
2015-11-17,270888
2015-11-18,280993
2015-11-19,352155
2015-11-20,325303
2015-11-21,325890
2015-11-22,277249
2015-11-23,273564
2015-11-24,283114
2015-11-25,280873
2015-11-26,236551
2015-11-27,212675
2015-11-28,246700
2015-11-29,239005
2015-11-30,258742
2015-12-01,300491
2015-12-02,295322
2015-12-03,306438
2015-12-04,329186
2015-12-05,323020
2015-12-06,279285
2015-12-07,271110
2015-12-08,287326
2015-12-09,295253
2015-12-10,312810
2015-12-11,335868
2015-12-12,335418
2015-12-13,280377
2015-12-14,284541
2015-12-15,286903
2015-12-16,311749
2015-12-17,365010
2015-12-18,362323
2015-12-19,354108
2015-12-20,292126
2015-12-21,262636
2015-12-22,274540
2015-12-23,290944
2015-12-24,240893
2015-12-25,200428
2015-12-26,193476
2015-12-27,210632
2015-12-28,220676
2015-12-29,227555
2015-12-30,238784
2015-12-31,255762
2016-01-01,286750
2016-01-02,241760
2016-01-03,231116
2016-01-04,259891
2016-01-05,278457
2016-01-06,267690
2016-01-07,272341
2016-01-08,298670
2016-01-09,291508
2016-01-10,277687
2016-01-11,269529
2016-01-12,274021
2016-01-13,304574
2016-01-14,308592
2016-01-15,318552
2016-01-16,308690
2016-01-17,296477
2016-01-18,256219
2016-01-19,317835
2016-01-20,300062
2016-01-21,319814
2016-01-22,353525
2016-01-23,84680
2016-01-24,153319
2016-01-25,272528
2016-01-26,294591
2016-01-27,299536
2016-01-28,314311
2016-01-29,354874
2016-01-30,356005
2016-01-31,293122
2016-02-01,268872
2016-02-02,275915
2016-02-03,321971
2016-02-04,312912
2016-02-05,350825
2016-02-06,340393
2016-02-07,304803
2016-02-08,286167
2016-02-09,291792
2016-02-10,315306
2016-02-11,369519
2016-02-12,391964
2016-02-13,417186
2016-02-14,388224
2016-02-15,286859
2016-02-16,312839
2016-02-17,305529
2016-02-18,332941
2016-02-19,358918
2016-02-20,345382
2016-02-21,302549
2016-02-22,281686
2016-02-23,338565
2016-02-24,358849
2016-02-25,336480
2016-02-26,366793
2016-02-27,354946
2016-02-28,299653
2016-02-29,280132
2016-03-01,287685
2016-03-02,318476
2016-03-03,336838
2016-03-04,367030
2016-03-05,351386
2016-03-06,300941
2016-03-07,278546
2016-03-08,287535
2016-03-09,296904
2016-03-10,316274
2016-03-11,343973
2016-03-12,341409
2016-03-13,286790
2016-03-14,324452
2016-03-15,295580
2016-03-16,312474
2016-03-17,326747
2016-03-18,349425
2016-03-19,346651
2016-03-20,308147
2016-03-21,283918
2016-03-22,292926
2016-03-23,305999
2016-03-24,330120
2016-03-25,326047
2016-03-26,328008
2016-03-27,295796
2016-03-28,292280
2016-03-29,291040
2016-03-30,301361
2016-03-31,299829
2016-04-01,365034
2016-04-02,370508
2016-04-03,331103
2016-04-04,344697
2016-04-05,339446
2016-04-06,340218
2016-04-07,358666
2016-04-08,387714
2016-04-09,408242
2016-04-10,327340
2016-04-11,308504
2016-04-12,330521
2016-04-13,329095
2016-04-14,353200
2016-04-15,380037
2016-04-16,379054
2016-04-17,326179
2016-04-18,300259
2016-04-19,309634
2016-04-20,328013
2016-04-21,339177
2016-04-22,352083
2016-04-23,354857
2016-04-24,305723
2016-04-25,281621
2016-04-26,310235
2016-04-27,312641
2016-04-28,336882
2016-04-29,370835
2016-04-30,360844
2016-05-01,332890
2016-05-02,311540
2016-05-03,358941
2016-05-04,362678
2016-05-05,387835
2016-05-06,444608
2016-05-07,386698
2016-05-08,344622
2016-05-09,304855
2016-05-10,323602
2016-05-11,334096
2016-05-12,360236
2016-05-13,398217
2016-05-14,393706
2016-05-15,351886
2016-05-16,321581
2016-05-17,342808
2016-05-18,349789
2016-05-19,362722
2016-05-20,381751
2016-05-21,398643
2016-05-22,325321
2016-05-23,309012
2016-05-24,334745
2016-05-25,344434
2016-05-26,358272
2016-05-27,366213
2016-05-28,353971
2016-05-29,315558
2016-05-30,274150
2016-05-31,317188
2016-06-01,336213
2016-06-02,365528
2016-06-03,394452
2016-06-04,396390
2016-06-05,341566
2016-06-06,331990
2016-06-07,354809
2016-06-08,396776
2016-06-09,382190
2016-06-10,395615
2016-06-11,396999
2016-06-12,336850
2016-06-13,310265
2016-06-14,337005
2016-06-15,358610
2016-06-16,384562
2016-06-17,391588
2016-06-18,386379
2016-06-19,337114
2016-06-20,319973
2016-06-21,343723
2016-06-22,360642
2016-06-23,380170
2016-06-24,397252
2016-06-25,402625
2016-06-26,349019
2016-06-27,343179
2016-06-28,345267
2016-06-29,344952
2016-06-30,348553
2016-07-01,376207
2016-07-02,326386
2016-07-03,303506
2016-07-04,265133
2016-07-05,308347
2016-07-06,320082
2016-07-07,350879
2016-07-08,376455
2016-07-09,374675
2016-07-10,327276
2016-07-11,309193
2016-07-12,329957
2016-07-13,363784
2016-07-14,381844
2016-07-15,400760
2016-07-16,398331
2016-07-17,348867
2016-07-18,342680
2016-07-19,340079
2016-07-20,354964
2016-07-21,377089
2016-07-22,414036
2016-07-23,412441
2016-07-24,354567
2016-07-25,359247
2016-07-26,353534
2016-07-27,364033
2016-07-28,384424
2016-07-29,418171
2016-07-30,425628
2016-07-31,355318
2016-08-01,325627
2016-08-02,336761
2016-08-03,347141
2016-08-04,364408
2016-08-05,387117
2016-08-06,390158
2016-08-07,341906
2016-08-08,313093
2016-08-09,338092
2016-08-10,360027
2016-08-11,393203
2016-08-12,423132
2016-08-13,426756
2016-08-14,365238
2016-08-15,337098
2016-08-16,360143
2016-08-17,363077
2016-08-18,376700
2016-08-19,401725
2016-08-20,398640
2016-08-21,366757
2016-08-22,318245
2016-08-23,333869
2016-08-24,350549
2016-08-25,373210
2016-08-26,401125
2016-08-27,411492
2016-08-28,369582
2016-08-29,331417
2016-08-30,339327
2016-08-31,360090
2016-09-01,382092
2016-09-02,382826
2016-09-03,380735
2016-09-04,359063
2016-09-05,306116
2016-09-06,355915
2016-09-07,370958
2016-09-08,407228
2016-09-09,452249
2016-09-10,474635
2016-09-11,393872
2016-09-12,346111
2016-09-13,366344
2016-09-14,390128
2016-09-15,403497
2016-09-16,439465
2016-09-17,453741
2016-09-18,397760
2016-09-19,346398
2016-09-20,357448
2016-09-21,359311
2016-09-22,387441
2016-09-23,426816
2016-09-24,463454
2016-09-25,391841
2016-09-26,344150
2016-09-27,369338
2016-09-28,391905
2016-09-29,411788
2016-09-30,476802
2016-10-01,437328
2016-10-02,382206
2016-10-03,314134
2016-10-04,335843
2016-10-05,376877
2016-10-06,408641
2016-10-07,423088
2016-10-08,471318
2016-10-09,415904
2016-10-10,325232
2016-10-11,340464
2016-10-12,324452
2016-10-13,404169
2016-10-14,440727
2016-10-15,464922
2016-10-16,403485
2016-10-17,342410
2016-10-18,359739
2016-10-19,390362
2016-10-20,416613
2016-10-21,487689
2016-10-22,511821
2016-10-23,415773
2016-10-24,354282
2016-10-25,393213
2016-10-26,414788
2016-10-27,494932
2016-10-28,494333
2016-10-29,529010
2016-10-30,471743
2016-10-31,374093
2016-11-01,387986
2016-11-02,388804
2016-11-03,434862
2016-11-04,459520
2016-11-05,482095
2016-11-06,395450
2016-11-07,372146
2016-11-08,365860
2016-11-09,415854
2016-11-10,418606
2016-11-11,456164
2016-11-12,491405
2016-11-13,419595
2016-11-14,356661
2016-11-15,418716
2016-11-16,388797
2016-11-17,416286
2016-11-18,443891
2016-11-19,486588
2016-11-20,452911
2016-11-21,412670
2016-11-22,431609
2016-11-23,431748
2016-11-24,369520
2016-11-25,345706
2016-11-26,389512
2016-11-27,374021
2016-11-28,372713
2016-11-29,463194
2016-11-30,453745
2016-12-01,452490
2016-12-02,500696
2016-12-03,534162
2016-12-04,457793
2016-12-05,409738
2016-12-06,466585
2016-12-07,444520
2016-12-08,484789
2016-12-09,543698
2016-12-10,572306
2016-12-11,479093
2016-12-12,420286
2016-12-13,426727
2016-12-14,461293
2016-12-15,556242
2016-12-16,580773
2016-12-17,553942
2016-12-18,465982
2016-12-19,430351
2016-12-20,432321
2016-12-21,432472
2016-12-22,432676
2016-12-23,419658
2016-12-24,390726
2016-12-25,310035
2016-12-26,285508
2016-12-27,318378
2016-12-28,351170
2016-12-29,392398
2016-12-30,426911
2016-12-31,477702
2017-01-01,455219
2017-01-02,324948
2017-01-03,384925
2017-01-04,371031
2017-01-05,410811
2017-01-06,463107
2017-01-07,461323
2017-01-08,438251
2017-01-09,429535
2017-01-10,410052
2017-01-11,417312
2017-01-12,424978
2017-01-13,476561
2017-01-14,522585
2017-01-15,453061
2017-01-16,366413
2017-01-17,455963
2017-01-18,421150
2017-01-19,435384
2017-01-20,489938
2017-01-21,471691
2017-01-22,432507
2017-01-23,464632
2017-01-24,476799
2017-01-25,431783
2017-01-26,457961
2017-01-27,504193
2017-01-28,535826
2017-01-29,448610
2017-01-30,397537
2017-01-31,423126
2017-02-01,420401
2017-02-02,455977
2017-02-03,528190
2017-02-04,554757
2017-02-05,502199
2017-02-06,417318
2017-02-07,450524
2017-02-08,451903
2017-02-09,346974
2017-02-10,566432
2017-02-11,579782
2017-02-12,522867
2017-02-13,450253
2017-02-14,504382
2017-02-15,476792
2017-02-16,473291
2017-02-17,519835
2017-02-18,514009
2017-02-19,464024
2017-02-20,385479
2017-02-21,403200
2017-02-22,421290
2017-02-23,456412
2017-02-24,501682
2017-02-25,567666
2017-02-26,487778
2017-02-27,432890
2017-02-28,428643
2017-03-01,464864
2017-03-02,512146
2017-03-03,570644
2017-03-04,641681
2017-03-05,527257
2017-03-06,447062
2017-03-07,463508
2017-03-08,465026
2017-03-09,499269
2017-03-10,585629
2017-03-11,632786
2017-03-12,533818
2017-03-13,503940
2017-03-14,222276
2017-03-15,507221
2017-03-16,526580
2017-03-17,537469
2017-03-18,605158
2017-03-19,482482
2017-03-20,426770
2017-03-21,428142
2017-03-22,497166
2017-03-23,502387
2017-03-24,528855
2017-03-25,565217
2017-03-26,495810
2017-03-27,435914
2017-03-28,491890
2017-03-29,457108
2017-03-30,496322
2017-03-31,648642
2017-04-01,521968
2017-04-02,364712
2017-04-03,438019
2017-04-04,473117
2017-04-05,476122
2017-04-06,557578
2017-04-07,563706
2017-04-08,578146
2017-04-09,498406
2017-04-10,414072
2017-04-11,423693
2017-04-12,441182
2017-04-13,471541
2017-04-14,488822
2017-04-15,513061
2017-04-16,468052
2017-04-17,398341
2017-04-18,428216
2017-04-19,481392
2017-04-20,510979
2017-04-21,568589
2017-04-22,578359
2017-04-23,496437
2017-04-24,444229
2017-04-25,546159
2017-04-26,488079
2017-04-27,506545
2017-04-28,543456
2017-04-29,587668
2017-04-30,494207
2017-05-01,428245
2017-05-02,449931
2017-05-03,468410
2017-05-04,498899
2017-05-05,617676
2017-05-06,593792
2017-05-07,501028
2017-05-08,437884
2017-05-09,457790
2017-05-10,473591
2017-05-11,496793
2017-05-12,531477
2017-05-13,681253
2017-05-14,488685
2017-05-15,444047
2017-05-16,466177
2017-05-17,500825
2017-05-18,532121
2017-05-19,556231
2017-05-20,576601
2017-05-21,487727
2017-05-22,498216
2017-05-23,458737
2017-05-24,476407
2017-05-25,559362
2017-05-26,493555
2017-05-27,485402
2017-05-28,450482
2017-05-29,388471
2017-05-30,439511
2017-05-31,458062
2017-06-01,465374
2017-06-02,515579
2017-06-03,555784
2017-06-04,494282
2017-06-05,455653
2017-06-06,495927
2017-06-07,497648
2017-06-08,531960
2017-06-09,552532
2017-06-10,594936
2017-06-11,518299
2017-06-12,470752
2017-06-13,498560
2017-06-14,506337
2017-06-15,520927
2017-06-16,553302
2017-06-17,590768
2017-06-18,498825
2017-06-19,503177
2017-06-20,477020
2017-06-21,504212
2017-06-22,504760
2017-06-23,575022
2017-06-24,592721
2017-06-25,480381
2017-06-26,432678
2017-06-27,479526
2017-06-28,480512
2017-06-29,489890
2017-06-30,524810
2017-07-01,519801
2017-07-02,452071
2017-07-03,405165
2017-07-04,399834
2017-07-05,430748
2017-07-06,444845
2017-07-07,541295
2017-07-08,539254
2017-07-09,487821
2017-07-10,446631
2017-07-11,470792
2017-07-12,505734
2017-07-13,544254
2017-07-14,581140
2017-07-15,582210
2017-07-16,524977
2017-07-17,465520
2017-07-18,490344
2017-07-19,523856
2017-07-20,557824
2017-07-21,579489
2017-07-22,601250
2017-07-23,515018
2017-07-24,484683
2017-07-25,461122
2017-07-26,487486
2017-07-27,523352
2017-07-28,557143
2017-07-29,575260
2017-07-30,517870
2017-07-31,455883
2017-08-01,473038
2017-08-02,513464
2017-08-03,526650
2017-08-04,568021
2017-08-05,565567
2017-08-06,503321
2017-08-07,508100
2017-08-08,462342
2017-08-09,487302
2017-08-10,514758
2017-08-11,547445
2017-08-12,564630
2017-08-13,502590
2017-08-14,446064
2017-08-15,486221
2017-08-16,489149
2017-08-17,512075
2017-08-18,585993
2017-08-19,581673
2017-08-20,521196
2017-08-21,454855
2017-08-22,490280
2017-08-23,499077
2017-08-24,507752
2017-08-25,541629
2017-08-26,583843
2017-08-27,528468
2017-08-28,442540
2017-08-29,512009
2017-08-30,477224
2017-08-31,508625
2017-09-01,549599
2017-09-02,593372
2017-09-03,512867
2017-09-04,453338
2017-09-05,486636
2017-09-06,563914
2017-09-07,550008
2017-09-08,611731
2017-09-09,656493
2017-09-10,582207
2017-09-11,497642
2017-09-12,517807
2017-09-13,547840
2017-09-14,579095
2017-09-15,611870
2017-09-16,652242
2017-09-17,581299
2017-09-18,474558
2017-09-19,506676
2017-09-20,491291
2017-09-21,486824
2017-09-22,564867
2017-09-23,651548
2017-09-24,571608
2017-09-25,490651
2017-09-26,498341
2017-09-27,537155
2017-09-28,558409
2017-09-29,599449
2017-09-30,642102
2017-10-01,556952
2017-10-02,473408
2017-10-03,490763
2017-10-04,516479
2017-10-05,551679
2017-10-06,608573
2017-10-07,669096
2017-10-08,596056
2017-10-09,493326
2017-10-10,511157
2017-10-11,531008
2017-10-12,557980
2017-10-13,614161
2017-10-14,679404
2017-10-15,585356
2017-10-16,518889
2017-10-17,522826
2017-10-18,539305
2017-10-19,566685
2017-10-20,623308
2017-10-21,667167
2017-10-22,580435
2017-10-23,501399
2017-10-24,553396
2017-10-25,547845
2017-10-26,608482
2017-10-27,662808
2017-10-28,739633
2017-10-29,750732
2017-10-30,537021
2017-10-31,535360
2017-11-01,561256
2017-11-02,576138
2017-11-03,654170
2017-11-04,704019
2017-11-05,585826
2017-11-06,528282
2017-11-07,631734
2017-11-08,572947
2017-11-09,605995
2017-11-10,726934
2017-11-11,734450
2017-11-12,627569
2017-11-13,564908
2017-11-14,564320
2017-11-15,589826
2017-11-16,642626
2017-11-17,694175
2017-11-18,759561
2017-11-19,646464
2017-11-20,556187
2017-11-21,560416
2017-11-22,618450
2017-11-23,539711
2017-11-24,492652
2017-11-25,545099
2017-11-26,535806
2017-11-27,524416
2017-11-28,537462
2017-11-29,556613
2017-11-30,610522
2017-12-01,682646
2017-12-02,738382
2017-12-03,635684
2017-12-04,554670
2017-12-05,626666
2017-12-06,620642
2017-12-07,659297
2017-12-08,729587
2017-12-09,826768
2017-12-10,653734
2017-12-11,590611
2017-12-12,609346
2017-12-13,691640
2017-12-14,716538
2017-12-15,784250
2017-12-16,800809
2017-12-17,678159
2017-12-18,577159
2017-12-19,590174
2017-12-20,628797
2017-12-21,645880
2017-12-22,649180
2017-12-23,616914
2017-12-24,545603
2017-12-25,449108
2017-12-26,471947
2017-12-27,537025
2017-12-28,611862
2017-12-29,665525
2017-12-30,641709
2017-12-31,741534
2018-01-01,702084
2018-01-02,547447
2018-01-03,583735
2018-01-04,354626
2018-01-05,699966
2018-01-06,793837
2018-01-07,676884
2018-01-08,595725
2018-01-09,583549
2018-01-10,591396
2018-01-11,613159
2018-01-12,717235
2018-01-13,761601
2018-01-14,719824
2018-01-15,565707
2018-01-16,593094
2018-01-17,628140
2018-01-18,658275
2018-01-19,708366
2018-01-20,717757
2018-01-21,617580
2018-01-22,552383
2018-01-23,586526
2018-01-24,614350
2018-01-25,672438
2018-01-26,738783
2018-01-27,749203
2018-01-28,649278
2018-01-29,565522
2018-01-30,608737
2018-01-31,640887
2018-02-01,650280
2018-02-02,787792
2018-02-03,810861
2018-02-04,751930
2018-02-05,615466
2018-02-06,613406
2018-02-07,717987
2018-02-08,693736
2018-02-09,759073
2018-02-10,837532
2018-02-11,709953
2018-02-12,600770
2018-02-13,640654
2018-02-14,692307
2018-02-15,678990
2018-02-16,733686
2018-02-17,806196
2018-02-18,674101
2018-02-19,569744
2018-02-20,565895
2018-02-21,606395
2018-02-22,705730
2018-02-23,756859
2018-02-24,803358
2018-02-25,708745
2018-02-26,597773
2018-02-27,616924
2018-02-28,644550
2018-03-01,719790
2018-03-02,875970
2018-03-03,792995
2018-03-04,716458
2018-03-05,633494
2018-03-06,655785
2018-03-07,632161
2018-03-08,721036
2018-03-09,775761
2018-03-10,823813
2018-03-11,688123
2018-03-12,637009
2018-03-13,669578
2018-03-14,701928
2018-03-15,738360
2018-03-16,784057
2018-03-17,829205
2018-03-18,701137
2018-03-19,618630
2018-03-20,678099
2018-03-21,508492
2018-03-22,715164
2018-03-23,753423
2018-03-24,788651
2018-03-25,704608
2018-03-26,620765
2018-03-27,643938
2018-03-28,668389
2018-03-29,710020
2018-03-30,729991
2018-03-31,748419
2018-04-01,626033
2018-04-02,567085
2018-04-03,618979
2018-04-04,615090
2018-04-05,659943
2018-04-06,706284
2018-04-07,756761
2018-04-08,707007
2018-04-09,633842
2018-04-10,646536
2018-04-11,667154
2018-04-12,696843
2018-04-13,760022
2018-04-14,852712
2018-04-15,765481
2018-04-16,690284
2018-04-17,662113
2018-04-18,669806
2018-04-19,749695
2018-04-20,791250
2018-04-21,822752
2018-04-22,706901
2018-04-23,615214
2018-04-24,639764
2018-04-25,716413
2018-04-26,703805
2018-04-27,787978
2018-04-28,829040
2018-04-29,726998
2018-04-30,657592
2018-05-01,629360
2018-05-02,669224
2018-05-03,736987
2018-05-04,756100
2018-05-05,829690
2018-05-06,683586
2018-05-07,610160
2018-05-08,630572
2018-05-09,660139
2018-05-10,725440
2018-05-11,747001
2018-05-12,834945
2018-05-13,733434
2018-05-14,619228
2018-05-15,689620
2018-05-16,740988
2018-05-17,731098
2018-05-18,754286
2018-05-19,859406
2018-05-20,679621
2018-05-21,595172
2018-05-22,667707
2018-05-23,661366
2018-05-24,695450
2018-05-25,718886
2018-05-26,727512
2018-05-27,652033
2018-05-28,538075
2018-05-29,612505
2018-05-30,649146
2018-05-31,726955
2018-06-01,778726
2018-06-02,832495
2018-06-03,724118
2018-06-04,615315
2018-06-05,593078
2018-06-06,640886
2018-06-07,679575
2018-06-08,719258
2018-06-09,772249
2018-06-10,679408
2018-06-11,618957
2018-06-12,632180
2018-06-13,691758
2018-06-14,723872
2018-06-15,722004
2018-06-16,773980
2018-06-17,683788
2018-06-18,658378
2018-06-19,674022
2018-06-20,694921
2018-06-21,734108
2018-06-22,768711
2018-06-23,785072
2018-06-24,694518
2018-06-25,634368
2018-06-26,638534
2018-06-27,664701
2018-06-28,740164
2018-06-29,747246
2018-06-30,818893
2018-07-01,717979
2018-07-02,635621
2018-07-03,671102
2018-07-04,598238
2018-07-05,625883
2018-07-06,659104
2018-07-07,701543
2018-07-08,645807
2018-07-09,616272
2018-07-10,648898
2018-07-11,671727
2018-07-12,693651
2018-07-13,753204
2018-07-14,813636
2018-07-15,719236
2018-07-16,656334
2018-07-17,719709
2018-07-18,679444
2018-07-19,693594
2018-07-20,758376
2018-07-21,861641
2018-07-22,721674
2018-07-23,647767
2018-07-24,658096
2018-07-25,722577
2018-07-26,715725
2018-07-27,811354
2018-07-28,803829
2018-07-29,714929
2018-07-30,622969
2018-07-31,636524
2018-08-01,695121
2018-08-02,719644
2018-08-03,769732
2018-08-04,813615
2018-08-05,726316
2018-08-06,648260
2018-08-07,687182
2018-08-08,701951
2018-08-09,718301
2018-08-10,764123
2018-08-11,807873
2018-08-12,697313
2018-08-13,668963
2018-08-14,661507
2018-08-15,685233
2018-08-16,717045
2018-08-17,784678
2018-08-18,823978
2018-08-19,700387
2018-08-20,611010
2018-08-21,613538
2018-08-22,657196
2018-08-23,680049
2018-08-24,743078
2018-08-25,797754
2018-08-26,714880
2018-08-27,639185
2018-08-28,679353
2018-08-29,710125
2018-08-30,715825
2018-08-31,763175
2018-09-01,1
2018-09-01,765027
2018-09-02,718121
2018-09-03,625851
2018-09-04,679351
2018-09-05,708196
2018-09-06,775496
2018-09-07,802020
2018-09-08,861540
2018-09-09,794608
2018-09-10,694524
2018-09-11,634342
2018-09-12,739611
2018-09-13,739641
2018-09-14,796806
2018-09-15,849628
2018-09-16,757308
2018-09-17,666133
2018-09-18,698213
2018-09-19,627881
2018-09-20,723583
2018-09-21,795820
2018-09-22,855979
2018-09-23,730338
2018-09-24,604204
2018-09-25,701934
2018-09-26,678997
2018-09-27,703746
2018-09-28,808315
2018-09-29,861873
2018-09-30,748335
2018-10-01,623541
2018-10-02,652464
2018-10-03,692346
2018-10-04,750763
2018-10-05,786528
2018-10-06,869777
2018-10-07,760031
2018-10-08,618361
2018-10-09,659187
2018-10-10,694048
2018-10-11,787433
2018-10-12,811486
2018-10-13,896063
2018-10-14,764479
2018-10-15,667119
2018-10-16,683428
2018-10-17,709446
2018-10-18,762184
2018-10-19,811507
2018-10-20,885815
2018-10-21,802543
2018-10-22,676075
2018-10-23,677231
2018-10-24,716141
2018-10-25,760140
2018-10-26,846297
2018-10-27,1039874
2018-10-28,826959
2018-10-29,662484
2018-10-30,673774
2018-10-31,719270
2018-11-01,1
2018-11-01,772645
2018-11-02,829881
2018-11-03,902019
2018-11-04,730173
2018-11-05,722253
2018-11-06,738926
2018-11-07,697571
2018-11-08,743535
2018-11-09,872041
2018-11-10,936089
2018-11-11,799635
2018-11-12,652640
2018-11-13,730533
2018-11-14,751742
2018-11-15,688694
2018-11-16,847376
2018-11-17,924217
2018-11-18,794840
2018-11-19,665500
2018-11-20,705672
2018-11-21,750724
2018-11-22,723706
2018-11-23,668683
2018-11-24,766356
2018-11-25,677297
2018-11-26,730094
2018-11-27,700738
2018-11-28,725577
2018-11-29,761961
2018-11-30,859356
2018-12-01,946924
2018-12-02,830484
2018-12-03,678278
2018-12-04,716727
2018-12-05,753324
2018-12-06,795224
2018-12-07,882923
2018-12-08,970125
2018-12-09,809723
2018-12-10,704861
2018-12-11,735890
2018-12-12,768395
2018-12-13,822745
2018-12-14,904981
2018-12-15,961819
2018-12-16,931260
2018-12-17,697999
2018-12-18,750866
2018-12-19,759039
2018-12-20,818491
2018-12-21,858437
2018-12-22,793267
2018-12-23,677351
2018-12-24,640740
2018-12-25,534539
2018-12-26,540976
2018-12-27,594303
2018-12-28,721069
2018-12-29,715759
2018-12-30,683406
2018-12-31,854219
